{
    "Engineering": [
        {
            "Joint Entrance Examination (JEE) Main": [
                {
                    "Purpose": "For Admission in B>E/B.Tech,B.Arch,B.Planning",
                    "Eligibility": "Class 12 Pass (PCM)",
                    "Application mode": "Online",
                    "Source": "http://jeemain.nic.in"
                }
            ]
        },
        {
            "JEE Advanced": [
                {
                    "Purpose": "Admission in UG Programmes in IITs and ISM Dhanbad",
                    "Eligibility": "Class 12 Pass (PCM)",
                    "Application mode": "Online",
                    "Source": "http://jeeadv.iitd.ac.in"
                }
            ]
        },
        {
            "BITSAT": [
                {
                    "Purpose": "Admission in Integrated First Degree Programmes in BITS Pilani, Goa & Hyderabad campuses",
                    "Eligibility": "Class 12 Pass (PCM)",
                    "Application mode": "Online",
                    "Source": "www.bitsadmission.com/"
                }
            ]
        },
        {
            "VIT University Engineering Entrance Exam (VITEEE)": [
                {
                    "Purpose": "Admission in B.Tech Courses",
                    "Eligibility": "Class 12 ",
                    "Application mode": "Online, By Post",
                    "Source": "www.vit.ac.in"
                }
            ]
        },
        {
            "National Level Engineering Entrance Exams": [
                {
                    "S.No": 1,
                    "Exam Name": "BITSAT",
                    "Website URL": "http://www.bitsadmission.com"
                },
                {
                    "S.No": 2,
                    "Exam Name": "COMED-K",
                    "Website URL": "https://www.comedk.org/"
                },
                {
                    "S.No": 3,
                    "Exam Name": "IPU-CET (B.Tech)",
                    "Website URL": "www.ipu.ac.in"
                },
                {
                    "S.No": 4,
                    "Exam Name": "Manipal (B.Tech)",
                    "Website URL": "www.admissions.manipal.edu"
                },
                {
                    "S.No": 5,
                    "Exam Name": "VITEEE",
                    "Website URL": "www.vit.ac.in"
                },
                {
                    "S.No": 6,
                    "Exam Name": "AMU (B.Tech)",
                    "Website URL": "http://www.amucontrollerexams.com/"
                },
                {
                    "S.No": 7,
                    "Exam Name": "NDA Entrance with PCM (MPC)",
                    "Website URL": "http://www.careerairforce.nic.in"
                },
                {
                    "S.No": 8,
                    "Exam Name": "All India Engineering Entrance Exam with PCM (MPC)",
                    "Website URL": "http://www.jeemain.nic.in"
                },
                {
                    "S.No": 9,
                    "Exam Name": "State Level Engineering Entrance Exams (APEAMCET)",
                    "Website URL": "http://www.ap.gov.in/eamcet"
                }
            ]
        }
    ]
}