{
    "Fashion Design": [
        {
            " All India Entrance Examination for Design (AIEED)": [
                {
                    "Purpose": "Admission in 4 years UG level Programmes in Design",
                    "Eligibility": "Class 11, 12",
                    "Apply": "Online",
                    "Activity": "Series 1: November to February, Series 2: April, May",
                    "Source": "www.aieed.com"
                }
            ]
        },
        {
            "Design Schools and Exams": [
                {
                    "S.No": 1,
                    "Name": "Srishti School",
                    "Website": "http://srishti.ac.in/"
                },
                {
                    "S.No": 2,
                    "Name": "School of Fashion Technology",
                    "Website": "www.softpune.com/"
                },
                {
                    "S.No": 3,
                    "Name": "Pearl Academy",
                    "Website": "http://pearlacademy.com"
                },
                {
                    "S.No": 4,
                    "Name": "Symbiosis Institute of Design",
                    "Website": "http://sid.edu.in/"
                },
                {
                    "S.No": 5,
                    "Name": "Footwear Design and Development Institute",
                    "Website": "www.fddiindia.com/"
                },
                {
                    "S.No": 6,
                    "Name": "Maeer's MIT Institute of Design",
                    "Website": "www.mitid.edu.in/"
                },
                {
                    "S.No": 7,
                    "Name": "National Institute of Design",
                    "Website": "www.nid.edu/"
                },
                {
                    "S.No": 8,
                    "Name": "National Institute of Fashion Design",
                    "Website": "www.nift.ac.in/"
                },
                {
                    "S.No": 9,
                    "Name": "National Aptitude Test in Architecture",
                    "Website": "www.nata.in"
                },
                {
                    "S.No": 10,
                    "Name": "Center for Environmental Planning and Technology (CEPT)",
                    "Website": "www.cept.ac.in/"
                }
            ]
        }
    ]
}