{
    "Law": [
        {
            "Common Law Admission Test": {
                "Purpose": "Admission in B.A. LL.B (Hons),B.Com.(Hons),BBA LL.B(Hons)",
                "Eligibility": "Class 12 , 12+",
                "Application mode": "Online, By Post",
                "Source": "http://clat.ac.in/"
            }
        },
        {
            "Law School Admission Test LSAT India": {
                "Purpose": "Admission in B.A. LL.B (Hons),B.Com.(Hons),BBA LL.B(Hons)",
                "Eligibility": "Class 12 , Graduates",
                "Application mode": "Online",
                "Source": "www.pearsonvueindia.com/lsatindia/"
            }
        },
        {
            "All India Law Entrance Test (AILET)": {
                "Purpose": "Admission in B.A LL.B (Hons),LLM, PhD",
                "Eligibility": "Class 12, 12+, LLB, LLM",
                "Application mode": "By Post",
                "Source": "www.nludelhi.ac.in/"
            }
        },
        {
            "Lloyd Entrance Test (LET)": {
                "Purpose": "Admission in B.A. LL.B- 5-year integrated course",
                "Eligibility": "Class 12 , 12+",
                "Application mode": "Online, By Post",
                "Source": "www.lloydlawcollege.com"
            }
        }
    ]
}