{
    "Marine,Naval,Defence": [
        {
            "Indian Maritime University Common Entrance Test": {
                "Purpose": "Admission in Diploma in Nautical Science (DNS) leading to BSc.(Nautical Science)",
                "Eligibility": "Class 12 (PCM)",
                "Application mode": "By Post",
                "Source": "www.imu.edu.in/index.php"
            }
        },
        {
            "Indian Navy B.Tech Entry Scheme": {
                "Purpose": "Admission in Indian Navy B.Tech course",
                "Eligibility": "Class 12 Pass",
                "Application mode": "Online",
                "Source": "www.nausena-bharti.nic.in/index.php"
            }
        },
        {
            "Indian Navy Sailors Recruitment": {
                "Purpose": "Admission in 24 weeks Basic training at INS Chilka followed by Professional training",
                "Eligibility": "Class 12 (Maths and Physics/Chem./Bio/Computer Sc.)",
                "Application mode": "Online, By Post",
                "Source": "www.nausena-bharti.nic.in/index.php"
            }
        },
        {
            "Defence Indian Army Technical Entry Scheme (TES)": {
                "Purpose": "Technical Entry to Army",
                "Eligibility": "Class 12 (PCM)",
                "Application mode": "Online",
                "Source": "www.joinindianarmy.nic.in/"
            }
        },
        {
            "National Defence Academy and Naval Academy Examination (I)": {
                "Purpose": "Admission to Army and Air Force wings of NDA and 4 years B.Tech course for the Indian Naval Academy Course (INAC)",
                "Eligibility": "Class 12 Pass",
                "Application mode": "Online",
                "Source": "www.upsc.gov.in/"
            }
        }
    ]
}